"id","name","location","round_1","round_2","round_3","round_4","round_4","time","total"
1,"VMESTE","Ульяновск","5","12","4","5","18","11:07:05427","44"
2,"КАДЕТЫ ОРЛА","Орел","6","8","5","5","18","11:07:32562","42"
3,"Трехцветный кентавр","Санкт-петербург","4","11","5","5","17","11:07:02100","42"
4,"Команда МС","Мурманск","6","7","6","4","18","11:07:11230","41"
5,"Бумеранг","Долгопрудный","5","8","5","4","18","11:07:04781","40"
6,"ЦМИ Дзержинск","Дзержинск","4","10","6","5","15","11:07:09158","40"
7,"Город112","Новокузнецк","5","12","5","3","15","11:07:05407","40"
8,"МБОУ ""Лицей №5 г.Ельца""","Елец","6","7","6","5","15","11:07:09187","39"
9,"Русская Правда","Сызрань","5","10","5","4","15","11:07:05643","39"
10,"31 чешка","г. Чебоксары","6","9","5","6","13","11:07:24952","39"
11,"Квазар","Саратов","3","8","6","4","17","11:07:10479","38"
12,"ЛМИ","Саратов","6","7","5","4","16","11:07:05124","38"
13,"Ледяные патриоты","Ноябрьск","4","9","5","5","15","11:06:55313","38"
14,"Северное сияние","Североморск","6","7","5","5","15","11:07:15395","38"
15,"Дети России","Сызрань","4","10","5","4","15","11:07:04574","38"
16,"Кировка","г.Мурманск","6","10","4","4","14","11:07:06422","38"
17,"Профсоюзы Новосибирска","Новосибирск","6","10","5","4","13","11:07:19168","38"
18,"ОКНА","Саратов","6","7","4","5","15","11:07:05369","37"
19,"Дикие Коты","Кедровый","6","7","6","5","13","11:07:10792","37"
20,"Победа Новороссийска","Новороссийск","5","9","5","6","12","11:07:04462","37"
21,"Орчанки","Орск","6","9","6","4","12","11:07:08778","37"
22,"Бара-бере","Санкт-Петербург","6","5","5","5","15","11:06:32404","36"
23,"Дети России","с. Новоурупское","2","10","5","4","15","11:07:04574","36"
24,"ГБПОУ ДТК","ДЗЕРЖИНСК","6","6","5","4","15","11:06:08119","36"
25,"Средняя Агинка","Средняя Агинка","4","9","4","4","15","11:07:18198","36"
26,"Что такое осень?","Нижний Новгород","3","9","6","3","15","11:06:58269","36"
27,"МС Налог-Сервис","Кемерово","5","8","5","5","13","11:07:10144","36"
28,"МОУ ""РПКГ""","Саратов","4","10","4","5","13","11:06:38308","36"
29,"Просто ""Факел""","Моршанск","5","9","4","5","13","11:07:03923","36"
30,"Котлин","Санкт-Петербург, Кронштадт","4","9","6","4","13","11:07:01207","36"
31,"Олимпийцы","Арзамас","3","7","3","4","18","11:06:41805","35"
32,"Мы из ЕГУ","Елец","5","3","6","5","16","11:07:19050","35"
33,"Время патриотизма","Красный Холм","6","4","5","5","15","11:07:13659","35"
34,"Супер четвёрка","Ядрин","6","6","3","5","15","11:07:34412","35"
35,"Lollipop Ы","Сланцы","5","7","4","4","15","11:06:58637","35"
36,"Юристы в коротких штанишках","Ростов-на-Дону","5","7","4","4","15","11:07:12984","35"
37,"РФ+РТ","Альметьевск","5","7","5","4","14","11:07:11342","35"
38,"Дрим тим","пгт. Кедровый","3","8","6","5","13","11:07:29125","35"
39,"Габидульки","Одинцово","6","7","4","5","13","11:06:58990","35"
40,"ПАТРИОТЫ 39","Чебоксары","6","7","5","4","13","11:07:29639","35"
41,"Девицы","Челябинск","3","12","5","5","10","11:07:11407","35"
42,"9 вал","Новочебоксарск","5","5","2","4","18","11:07:04233","34"
43,"Нижегородские патриоты","Нижний Новгород","3","6","5","5","15","11:07:05637","34"
44,"Сулиночки","Красный Сулин","5","4","6","4","15","11:07:00923","34"
45,"Буёк","Ангарск","4","6","5","4","15","11:06:59772","34"
46,"Динамо","Село Богородицкое","3","10","3","3","15","11:07:22699","34"
47,"Мечта","Арзамас","5","9","4","2","14","11:07:35413","34"
48,"Россияночки Республики Алтай","Горно-Алтайск","4","7","6","4","13","11:07:08163","34"
49,"МБОУ лицей с. Долгоруково","Долгоруково","5","8","4","4","13","11:07:12956","34"
50,"Дикие Хомяки","Ухта","5","7","5","5","12","11:07:01968","34"
51,"Интеллект","Бугры","5","10","5","3","11","11:07:00712","34"
52,"Могучая кучка","Саратов","5","3","5","5","15","11:07:03813","33"
53,"Коллеги на обеде","Кемерово","5","6","5","4","13","11:07:11337","33"
54,"Верхний Дон","Данков","6","6","4","4","13","11:07:11008","33"
55,"Добряки","Воронеж","5","6","6","3","13","11:06:33798","33"
56,"Знатоки 10","Арзамас","4","9","5","2","13","11:07:03868","33"
57,"ВПК ""Гусары""","Чувашская Республика, город Шумерля","6","5","5","5","12","11:06:48797","33"
58,"КонQUIZтадоры","Елец","5","7","5","4","12","11:07:18472","33"
59,"Патрия","г.Навашино","6","6","5","4","12","11:06:20190","33"
60,"ЦВР","Тамбов","5","8","4","4","12","11:06:58017","33"
61,"ЭкоМолодежь","Иркутск","6","7","5","4","11","11:06:57584","33"
62,"Вектор успеха","р. п. Мокшан Пензенская область","6","8","4","4","11","11:07:15789","33"
63,"Токаревский триколор","Токаревка Тамбовская область","5","9","5","4","10","11:07:09859","33"
64,"Плямя","Мытищи","5","10","4","4","10","11:07:04952","33"
65,"Курские соловьи","Курск","4","6","5","2","15","11:06:35943","32"
66,"Молодежь Гаджиево","Гаджиево","3","10","2","2","15","11:07:09317","32"
67,"охтинка","Санкт-Петербург","4","5","4","5","14","11:06:45368","32"
68,"Потомки Ермака","село Вагай","6","3","4","5","14","11:07:31974","32"
69,"бурундуки","Приморско-Ахтарск","4","6","4","4","14","11:07:19910","32"
70,"Корвет","Курган","5","6","4","3","14","11:07:00292","32"
71,"Алмаз","Краснодар","6","3","5","5","13","11:06:32194","32"
72,"Звёздочка","С.Тоцкое Второе","3","7","4","5","13","11:06:34299","32"
73,"Steplight","Жигулёвск","5","4","6","4","13","11:07:03595","32"
74,"Молсовет68","Мичуринский район","5","7","3","4","13","11:07:32955","32"
75,"ЁН АРМИЯ МУДО ""Дом детского творчества"" пгт. Усогорск","Усогорск","5","7","4","3","13","11:07:27740","32"
76,"Граждане","Елец","4","6","5","5","12","11:07:49272","32"
77,"Лосево-малая Родина","Воронежская обл.,Павловский р-н, с.Лосево","5","5","5","5","12","11:07:19439","32"
78,"Темрючане","Темрюк","4","7","4","5","12","11:07:41149","32"
79,"Музыканты","Чебоксары","5","7","3","5","12","11:07:53980","32"
80,"ПРАВДА","Самарская область Ставропольский район село Выселки","4","6","6","4","12","11:07:14531","32"
81,"МОУ СОШ 2 г. Краснослободска","Краснослободск","5","6","5","4","12","11:07:21093","32"
82,"Искусницы","Чебоксары","5","7","4","4","12","11:07:45720","32"
83,"Летучие голландцы","Краснодон","6","6","5","3","12","11:07:16122","32"
84,"Дзержинец","Санкт-Петербург","5","7","4","5","11","11:07:30248","32"
85,"Отчаянные школьники","Башмаково","5","7","5","4","11","11:07:27048","32"
86,"Патриотики51","Мурманск","2","10","6","4","10","11:07:07013","32"
87,"АртикЛисы","Мурманск","3","10","5","4","10","11:07:12710","32"
88,"ВЫСОКОЕ НАПРЯЖЕНИЕ","Снежногорск, Мурманская область","5","8","5","4","10","11:07:20500","32"
89,"Ново Депо","Нововоронеж","3","12","4","3","10","11:07:23843","32"
90,"Кадыйские музейщики","Кадый","4","9","4","6","9","11:07:06209","32"
91,"НСО Колледжа МГИМО","Москва","5","10","4","4","9","11:07:20747","32"
92,"Победители","Задонский район с.Хмелинец","5","10","6","3","8","11:07:15495","32"
93,"Волонтеры Трб","Тарбагатай","4","4","3","5","15","11:07:09893","31"
94,"Регион 45","Альменево","5","7","2","2","15","11:07:17835","31"
95,"36.6","Пенза","2","6","5","4","14","11:07:14784","31"
96,"Парфяне","Парфеньево","4","5","4","4","14","11:07:08817","31"
97,"СвятоЗар","Зарайск","2","6","5","5","13","11:07:12623","31"
98,"Всё просто!","Зарайск","3","5","5","5","13","11:07:02796","31"
99,"Женский батальон","Белозерское, Курганская область","4","6","4","4","13","11:06:58592","31"
100,"Полярнинский КЦСОН","ЗАТО Александровск","4","6","4","4","13","11:07:11804","31"
101,"Очищающее пламя","Санкт-Петербург","5","6","3","4","13","11:07:23394","31"
102,"Карасик","Тольятти","4","7","4","5","11","11:07:08564","31"
103,"НеПобедимые","Сланцы","5","8","3","4","11","11:06:59739","31"
104,"Воспитатели Красноярского детского сада 323","Красноярск","5","8","4","3","11","11:07:14867","31"
105,"Только свои","Воткинский район, село Перевозное","5","6","5","5","10","11:07:26158","31"
106,"Северяне","П.г.т. Мурмаши","5","8","3","5","10","11:07:02333","31"
107,"Шахунские ребята","Шахунья","2","10","5","4","10","11:07:10978","31"
108,"МБУ КИРО и РО","Лебедянь","5","7","5","4","10","11:07:07086","31"
109,"Росском","Воронеж","4","9","4","4","10","11:07:17211","31"
110,"ЛиКБез","Посёлок Юшала","4","9","5","4","9","11:07:15634","31"
111,"Позитив","с.Донское","3","11","4","5","8","11:07:03955","31"
112,"попугайчики","Елец","5","5","2","3","15","11:07:01659","30"
113,"Русские не сдаются!","Зарайск","5","1","6","4","14","11:06:16413","30"
114,"импульс ДМО","жигулевск","5","1","6","5","13","11:07:03064","30"
115,"Знатоки биохим","село Дивеево","4","4","4","5","13","11:06:44760","30"
116,"Queens","Новая усмань","3","5","5","4","13","11:07:05124","30"
117,"Детский сад ""Радуга"" р. п. Ветлужский","р. п. Ветлужский","4","5","4","4","13","11:06:42765","30"
118,"Надежда!","Нижний Новгород","3","9","3","2","13","11:07:03307","30"
119,"Вместе","Нововоронеж","5","5","3","5","12","11:07:05892","30"
120,"Дети Ипподрома","Воронеж","6","5","3","4","12","11:07:09976","30"
121,"Banana brothers","Краснодон","5","5","5","3","12","11:07:00939","30"
122,"Крылья 17","Балахна","4","5","5","5","11","11:07:17640","30"
123,"Голову дома забыли","с. Сладково","5","5","4","5","11","11:07:41386","30"
124,"ОСТ","Железногорск","4","6","5","4","11","11:07:03996","30"
125,"OLD SCHOOL","с. Новая Чернушка","4","6","5","4","11","11:07:23616","30"
126,"Молния","Нижний Ломов Пензенская область","4","9","3","3","11","11:07:13195","30"
127,"Русские патриоты","Воронеж","5","8","3","3","11","11:07:16280","30"
128,"Философы","Острогожск","4","8","4","4","10","11:07:33734","30"
129,"Мамичи","Медногорск","5","7","4","4","10","11:07:13776","30"
130,"Гладиолус","Темников","6","6","4","4","10","11:07:11088","30"
131,"Сормовские патриоты","Нижний Новгород","4","7","6","3","10","11:07:09865","30"
132,"Молодёжный ресурс","Измалково","5","7","5","3","10","11:06:59865","30"
133,"Мы выбираем жизнь","Княгинино","5","7","5","4","9","11:06:58374","30"
134,"Команда мечты","Лебедянь","5","4","4","1","15","11:07:32603","29"
135,"НЕученые","Дивеево","4","3","4","5","13","11:06:33062","29"
136,"Крестоносцы","Новороссийск","4","4","4","4","13","11:07:06766","29"
137,"Банда","Сусуман","4","5","2","6","12","11:06:46184","29"
138,"Славяне","с.Тимирязево Башмаковский р-он Пензенская обл.","4","4","4","5","12","11:07:36268","29"
139,"CODA","Краснодон","4","5","4","4","12","11:07:10993","29"
140,"Шумячский ДДТ","п. Шумячи, Смоленская область","5","4","4","4","12","11:07:23746","29"
141,"Нечайники","Мунино","4","6","4","3","12","11:07:18313","29"
142,"МолоДЦЫ","Темрюк","3","8","3","3","12","11:07:08978","29"
143,"Садовчане","Садовое","5","5","5","2","12","11:06:59189","29"
144,"Поморы","Северодвинск","4","9","2","2","12","11:06:36264","29"
145,"Мироновцы","муниципальный район Сергиевск","5","4","6","3","11","11:07:30194","29"
146,"ГосКвизКонтроль","Саратов","3","7","5","3","11","11:07:02740","29"
147,"Генеральский Квас","Саратов","6","6","4","2","11","11:06:57008","29"
148,"Патриоты Отрадного","Отрадный","5","5","4","5","10","11:07:20499","29"
149,"Як-130","Борисоглебск","5","6","4","4","10","11:07:14511","29"
150,"отчаянные домохозяйки","Ипатово","5","7","3","4","10","11:07:25282","29"
151,"Что-нибудь хорошее","Нижнегорский","6","4","6","3","10","11:07:24002","29"
152,"Сказочные","Тольятти","5","5","5","5","9","11:07:03182","29"
153,"Десятилон","Лебедянский район село Ольховец","4","8","3","5","9","11:07:35028","29"
154,"ФлАгМаН-I","Нижний Новгород","4","6","6","5","8","11:07:19162","29"
155,"Книгини","Тотьма","5","7","4","5","8","11:07:00840","29"
156,"Бригада","Шатура","6","6","5","4","8","11:07:28030","29"
157,"Ночные ведьмы","п.Гайны","4","9","4","4","8","11:07:15951","29"
158,"Сборная МБОУ Гимназия 9 им.дважды героя Советского Союза С.Г.Горшкова","Коломна","6","6","6","3","8","11:07:11625","29"
159,"fresh'культ","Шексна","5","9","4","5","6","11:07:27823","29"
160,"Островитяне","Санкт-Петербург","0","4","4","3","17","11:07:44761","28"
161,"Зажигалочки","Тольятти","2","3","4","4","15","11:07:05900","28"
162,"Пятеро независимых!","Посёлок 2 участка Института им. В. В. Докучаева","4","3","3","3","15","11:07:04852","28"
163,"Центр досуга, ремесел и туризма","рп. Бутурлино","5","1","4","4","14","11:06:58662","28"
164,"Ребятки","Ребятки","3","4","3","5","13","11:06:46340","28"
165,"Астралис","Воронеж","4","4","4","3","13","11:06:59805","28"
166,"8-А Гимназия 1","Ровеньки","3","5","3","5","12","11:06:27444","28"
167,"Яшкино","пгт. Яшкино","4","5","2","5","12","11:07:07446","28"
168,"Патриоты 48","п. Лески Краснинского района Липецкой области","4","5","2","5","12","11:07:10148","28"
169,"БиМ","рп.Усть-Абакан","5","4","4","3","12","11:07:01556","28"
170,"Боги Истории","Саров","3","8","2","3","12","11:07:02238","28"
171,"Вперёд!","Посёлок 2 участка им. В. В. Докучаева","5","4","4","4","11","11:07:06184","28"
172,"Солнышки","Новая усмань","3","7","3","4","11","11:07:18896","28"
173,"Коммунисты","Тольятти","5","5","3","4","11","11:06:56447","28"
174,"Варламовцы","Самарская область поселок Варламово","3","8","2","4","11","11:07:38580","28"
175,"Пионеры 2.0","Нижний Новгород","4","7","2","4","11","11:07:48741","28"
176,"Спорт и молодость","Кириши","4","6","3","5","10","11:07:38675","28"
177,"Мегаполис","Ижевск","3","7","4","4","10","11:06:53908","28"
178,"Юные гении","Зоринск","5","5","4","4","10","11:07:11556","28"
179,"Всегда Восемнадцать","Чебоксары","6","4","5","4","9","11:07:13172","28"
180,"Волонтёры Победы Черноморского","Черноморское Республика Крым","6","6","3","4","9","11:06:49630","28"
181,"Крутые","Воронеж","4","6","6","3","9","11:07:14090","28"
182,"Россиянки","Мокроусово","6","5","5","3","9","11:07:00747","28"
183,"В десяточку","Чаплыгин","4","6","5","5","8","11:07:41321","28"
184,"Бригада","Антрацит","5","6","5","4","8","11:07:28030","28"
185,"Воронежанки","Воронеж","4","7","6","3","8","11:06:34228","28"
186,"Спартанцы","Чебоксары","5","7","0","0","15","11:06:58118","27"
187,"Триколор","Лебедянь","4","1","5","4","13","11:07:19568","27"
188,"Юрьевский сельсовет","Задонский район село Яблоново","4","2","5","3","13","11:07:06209","27"
189,"Королёвцы","Тольятти","4","3","4","3","13","11:07:37456","27"
190,"Феникс","Ноябрьск","4","2","4","5","12","11:07:14301","27"
191,"Калибр nkvz","Новокузнецк","4","4","2","5","12","11:07:05837","27"
192,"РОСТteam","Волгодонск","2","5","4","4","12","11:07:02911","27"
193,"Молодёжка_ГГО","Гай","3","5","4","3","12","11:07:12481","27"
194,"Победа","Новгородская обл., рп Крестцы","3","5","4","3","12","11:07:26421","27"
195,"Наш дом - Россия","Вологодская область, Тотемский район, д.Матвеево","5","3","4","3","12","11:07:44748","27"
196,"Инсар","Инсар","6","2","4","4","11","11:06:13303","27"
197,"Сергачане","Сергач","4","5","4","3","11","11:07:18576","27"
198,"Кречет","Вологда","4","5","4","3","11","11:07:25687","27"
199,"Рычковские патриоты","С. Рычково, Белозерский район, Курганская область","4","6","4","2","11","11:07:36035","27"
200,"ЮГ","Санкт-Петербург","5","6","4","1","11","11:07:24449","27"
201,"«Импульсы Севера»","ЗАТО Александровск г. Полярный","5","2","5","5","10","11:07:24529","27"
202,"Русь-матушка","Каменка","1","8","3","5","10","11:06:56356","27"
203,"ВИМ","Полярный","3","7","2","5","10","11:07:32172","27"
204,"Молодость России","село Небуг, Туапсинский район","4","5","4","4","10","11:06:59382","27"
205,"Галактика","Сладково","4","5","4","4","10","11:07:15287","27"
206,"Три цвета Родины","Бугуруслан","4","5","4","4","10","11:07:34083","27"
207,"Русские матрешки!","Город Воронеж","5","5","3","4","10","11:07:20603","27"
208,"Профи","Ишим","5","5","3","4","10","11:07:42136","27"
209,"Звёздное равновесие","Саракташ","3","7","4","3","10","11:07:05039","27"
210,"Хранители Памяти","Самара","6","4","4","3","10","11:07:32955","27"
211,"The Best","Чебоксары","3","8","5","1","10","11:07:35152","27"
212,"Non-Stop","Малоивановка","4","5","5","4","9","11:07:18723","27"
213,"П-мезон","Балаково","4","6","4","4","9","11:07:13501","27"
214,"Усть-Абаканский ЦДО","рп. Усть-Абакан, Республика Хакасия.","5","5","4","4","9","11:07:00532","27"
215,"За Победу","Русский Камешкир","5","5","4","4","9","11:07:31533","27"
216,"мозговой штурм","Мончегорск","3","8","4","3","9","11:07:04087","27"
217,"Котики","город Чаплыгин","4","5","5","5","8","11:07:23786","27"
218,"Классическая гимназия 1 г.Пензы","Пенза","3","7","5","4","8","11:07:32609","27"
219,"МБУК «ЗЦКД»","Задонск","5","5","6","3","8","11:07:25567","27"
220,"Афанасьево","село Афанасьево","4","7","5","3","8","11:06:40459","27"
221,"Кни-Гуру","Магадан","5","7","5","3","7","11:07:24107","27"
222,"МБОУ Саконская СШ","Саконы","3","11","4","2","7","11:07:37539","27"
223,"Спящие в оглоблях","Саратов","2","10","6","3","6","11:07:29473","27"
224,"Девятка","Краснодон","3","3","3","3","14","11:07:11155","26"
225,"Триколор","Челябинск","1","3","5","5","12","11:07:19568","26"
226,"Хмелинецкий ЦКД","с.Хмелинец","5","1","4","4","12","11:07:08598","26"
227,"Великолепная тройка","Саратовская область, р.п. Ровное","5","1","4","4","12","11:08:01293","26"
228,"Drive","Морозовск","4","2","5","3","12","11:07:40524","26"
229,"Юнармеец","п. Островское Костромская область","5","4","2","3","12","11:07:08582","26"
230,"Алые паруса","Нововоронеж","4","6","1","3","12","11:07:24146","26"
231,"Берег мечты","Воронеж","4","5","2","4","11","11:06:56677","26"
232,"умники8а","курская обл. железногорский рн","5","4","3","3","11","11:06:02542","26"
233,"220V","Пенза","5","4","3","3","11","11:07:00085","26"
234,"Команда","село Дубское","3","8","2","2","11","11:07:35267","26"
235,"Библиотека Снежногорска","г. Снежногорск","3","4","4","5","10","11:06:57955","26"
236,"#МолодёжЪ","Красный Бор","3","4","5","4","10","11:06:58387","26"
237,"психи","тамбов","2","6","4","4","10","11:07:14021","26"
238,"Носки Доры","Новая Усмань","3","5","4","4","10","11:07:13077","26"
239,"Именно Тот","Краснодон, Луганская Народная Республика","4","5","4","3","10","11:07:20163","26"
240,"Политех","Прокопьевск","5","4","4","3","10","11:07:22540","26"
241,"Пламенные патриоты","ст.Григорополисская","5","5","3","3","10","11:07:33327","26"
242,"Триада","ЛНР Новопсковский район с. Можняковка","3","6","5","2","10","11:07:23940","26"
243,"Патриоты-36ВРН","Новая Усмань","3","8","3","2","10","11:07:11536","26"
244,"Сказочные девчата","Нижегородская область, р.п. Красные Баки","4","5","3","5","9","11:07:16618","26"
245,"Отважные","Д.Путилково","4","5","4","4","9","11:06:59697","26"
246,"Чёрная смородина","Пгт Каменка","4","6","3","4","9","11:07:23165","26"
247,"Дpужба","институт им.В.В.Докучаева 2-го участка","6","5","3","3","9","11:06:31014","26"
248,"Za Тимашевск","Тимашевск","4","5","6","2","9","11:07:42230","26"
249,"Импульс","п. Добринка","5","5","3","5","8","11:07:03138","26"
250,"Крутые ребята","Зоринск","5","5","4","4","8","11:07:11545","26"
251,"Эрудиты-патриоты","село Хлебородное","3","8","3","4","8","11:07:36246","26"
252,"РУСИЧИ","Лебедянь","4","8","3","3","8","11:07:51294","26"
253,"Вдохновение","Санкт-Петербург","3","7","6","2","8","11:07:17554","26"
254,"Константиновск","Константиновск","2","6","6","5","7","11:07:08328","26"
255,"Трак Ен","с.Красноармейское","4","8","3","4","7","11:06:55602","26"
256,"Вишневые традиции","Бутурлино","4","6","5","5","6","11:07:29585","26"
257,"Марсиане","Пикалево","5","7","4","4","6","11:07:03955","26"
258,"ВолонтёрыЧЕ","Чебоксары","6","6","5","3","6","11:07:02520","26"
259,"Человеки","Чебоксары","6","7","5","3","5","11:07:02938","26"
260,"Сибиряки","Омск","4","9","5","4","4","11:07:03147","26"
261,"Байкал","Ангарск","3","1","4","2","15","11:07:13459","25"
262,"ПРО100ПАРНИ","село Чекалино","3","3","3","2","14","11:07:30103","25"
263,"Ельчане","Елец","4","3","4","1","13","11:07:21225","25"
264,"КонФедерация Будущего","Тарбагатайский район, поселок Николаевский","4","4","3","2","12","11:07:15246","25"
265,"Киренчане","Киренск","3","3","4","5","10","11:07:14099","25"
266,"Одарённые","Саратов","5","1","5","4","10","11:07:27155","25"
267,"Сыны Отечества","Сергиев Посад","3","4","4","4","10","11:07:06441","25"
268,"МБО ДО Задонский Дом школьника","Задонск","3","5","4","3","10","11:07:18688","25"
269,"Алмазики 2.0","Абатское","6","2","4","3","10","11:07:04874","25"
270,"СемьяДети","Мончегорск","5","3","6","1","10","11:07:16864","25"
271,"Ура","Троицкое","2","8","4","1","10","11:07:30302","25"
272,"Спортивные смурфы","Мурманск","5","2","4","5","9","11:07:08094","25"
273,"два маэстро","Майкоп","3","8","1","4","9","11:08:26192","25"
274,"Братские девчата!","Братск","4","5","4","3","9","11:07:26886","25"
275,"Орлята","Железногорск","4","5","3","5","8","11:07:36861","25"
276,"Оптимисты","Новохопёрский район,село Красное","3","5","6","3","8","11:08:20891","25"
277,"От верблюда","Коркино","4","6","4","3","8","11:07:02581","25"
278,"Vместе сила!","С. Октябрьское","4","6","4","3","8","11:07:11131","25"
279,"Наследие","Новомеловатка","6","4","5","2","8","11:07:02311","25"
280,"Клевер","Саратов","3","6","5","4","7","11:07:01345","25"
281,"Сопки","Кола","4","5","5","4","7","11:07:12207","25"
282,"Мы - будущее!","Острогожск","5","5","4","4","7","11:07:46347","25"
283,"МБУК МЦК ""Элегия""","Задонск","4","7","4","3","7","11:07:22699","25"
284,"Креатив","Кондоль","5","5","5","4","6","11:07:17545","25"
285,"Славяне","Белая Глина","6","4","5","4","6","11:07:36268","25"
286,"Юниоры","г.Саратов","4","7","4","4","6","11:06:56213","25"
287,"Союз","р.п. Гидроторф","5","7","3","4","6","11:07:24151","25"
288,"Молодежный центр ""Краснотуранский""","Краснотуранск","5","8","2","4","6","11:08:10275","25"
289,"Уярская сила","Уяр","4","9","4","2","6","11:07:10907","25"
290,"Аврора","Воронеж","3","8","5","4","5","11:07:16686","25"
291,"Ветлужские девчата","р.п. Ветлужский","5","8","4","4","4","11:07:18266","25"
292,"Кольский51","с. Минькино Мурманская обл.","6","7","4","4","4","11:07:10942","25"
293,"Искра","с. Измалково","6","9","3","3","4","11:07:16144","25"
294,"Гвозди","Каменка","3","0","2","1","18","11:06:50558","24"
295,"Беркут","Новосибирск","4","1","2","2","15","11:07:49661","24"
296,"РоссияЭтоЯ","Орел","3","1","4","2","14","11:07:04374","24"
297,"Голубые овощи","Боготол","3","3","2","3","13","11:07:07936","24"
298,"Дружина имени Пушкина","Пушкин","1","5","3","2","13","11:06:46869","24"
299,"Моя Родина","Курган","3","5","1","2","13","11:07:01943","24"
300,"Покровчане","Энгельс","5","0","3","4","12","11:06:51381","24"
301,"Флаги","Елец","1","7","3","1","12","11:07:01632","24"
302,"Фалилеево","деревня Фалилеево","3","3","4","3","11","11:07:14507","24"
303,"Будущее России","с.Арзгир","5","1","5","2","11","11:07:14428","24"
304,"Фактура","Санкт-Петербург","4","3","4","2","11","11:06:55907","24"
305,"Домино","Полярный","1","7","4","1","11","11:07:03770","24"
306,"эльдорадо","с. Малячкино","3","3","4","4","10","11:06:30995","24"
307,"Патрик","село Тарногский Городок","5","2","3","4","10","11:07:02451","24"
308,"КРЕДО","Нижний Ломов","4","3","4","3","10","11:07:32007","24"
309,"Жители Коми","Ухта","5","4","2","3","10","11:06:59802","24"
310,"Зауралье","с. Кетово, Курганская область.","5","4","2","3","10","11:07:13664","24"
311,"Патриот","Азов","6","3","4","1","10","11:06:16610","24"
312,"Молодёжный совет","Новая Усмань","3","2","5","5","9","11:07:12846","24"
313,"Нижегородские Истоки","Нижний Новгород","3","6","3","3","9","11:07:17086","24"
314,"Альфа","Панкратовка","6","4","2","3","9","11:07:03148","24"
315,"Непобедимые апельсинки","Самара","4","5","4","2","9","11:07:05606","24"
316,"Зубры","г.Заволжье","5","4","4","2","9","11:07:53506","24"
317,"Синхронистки","ЗАТО п. Солнечный","4","4","3","5","8","11:07:27994","24"
318,"МБУК «Бутурлинская МЦБС»","Бутурлино","4","4","4","4","8","11:07:22173","24"
319,"unique","Воронеж","5","4","4","3","8","11:07:09704","24"
320,"Янегский ДК","п.Янега","3","8","4","1","8","11:07:25446","24"
321,"Сютовцы","Бугуруслан","5","3","5","4","7","11:07:24321","24"
322,"Команда ""А""","Сальск","5","3","5","4","7","11:07:34076","24"
323,"Russia48","Липецк","5","4","4","4","7","11:07:22944","24"
324,"Студенческое научное общество ЮУТУ","Челябинск","6","4","4","3","7","11:07:38720","24"
325,"БИБЛИОвектор ДОБРА","р.п. Мишкино Курганская область","4","7","4","2","7","11:07:12593","24"
326,"Супер интеллектуалы","Калач","5","6","4","2","7","11:07:07966","24"
327,"Культурная молодежь","Морозовск","4","5","5","4","6","11:07:23880","24"
328,"Саратов","Саратов","5","6","4","4","5","11:07:13010","24"
329,"Бригада что надо","Кемерово","5","6","4","4","5","11:07:17769","24"
330,"Факел","Моршанск","2","9","4","5","4","11:08:03489","24"
331,"Педагоги.ру","пос. Сергеевский, Гайнский МО","5","7","4","4","4","11:07:16613","24"
332,"Стрижи","Чебоксары","0","0","5","3","15","11:07:13156","23"
333,"Темп","Артемовск","3","2","5","1","12","11:07:33495","23"
334,"Деление на нуль","Антрацит","3","4","3","1","12","11:07:27761","23"
335,"волшебники","Липецкая область Добровский район с.Доброе","3","1","3","5","11","11:07:28894","23"
336,"Ратибор","С. Шалинское","4","1","3","4","11","11:06:41371","23"
337,"Огнедышащие тапки","Чебоксары","5","1","3","3","11","11:07:11074","23"
338,"Назарик","Воронеж","5","1","2","5","10","11:07:13517","23"
339,"Школа 2","Алушта","5","2","1","5","10","11:07:07271","23"
340,"Русичи 607110","Натальино","4","3","2","4","10","11:07:04230","23"
341,"Патриоты Наруксова","Наруксово","5","2","2","4","10","11:07:16430","23"
342,"Факел","с. Боготол","3","5","3","2","10","11:08:03489","23"
343,"Витязъ","Мурманск","5","4","3","1","10","11:07:04781","23"
344,"Владыки знаний","Село Нижний Икорец","2","5","5","2","9","11:07:01543","23"
345,"Золотая звезда","Тамбовская область, Никифоровский район, р.п.Дмитриевка","1","5","5","4","8","11:07:14202","23"
346,"Сибирские пчёлки","Междуреченск","4","3","4","4","8","11:07:10741","23"
347,"МБОУ ""Шумерлинская СОШ""","Шумерлинский район, д. Шумерля","4","4","3","4","8","11:07:08128","23"
348,"Октябрята","Воронеж","4","6","2","3","8","11:07:04365","23"
349,"Brain storm","Пенза","2","6","5","2","8","11:06:57343","23"
350,"Раздолье","Саратов","4","6","3","2","8","11:07:06398","23"
351,"Новое время","Зориковка","2","5","5","4","7","11:07:10004","23"
352,"Заозерск","Заозерск","3","6","4","3","7","11:07:12727","23"
353,"Молодые патриоты","Елец","4","5","4","3","7","11:07:40652","23"
354,"Веселые девчата","Апатиты","4","6","3","3","7","11:07:29888","23"
355,"Притамбовье","Тамбов","4","4","5","4","6","11:07:31417","23"
356,"Во!","Воротынец","4","6","3","5","5","11:07:10597","23"
357,"Неудержимые","Репьёвка Воронежская область","5","6","5","2","5","11:07:19258","23"
358,"Победоносцы","Данков","5","8","5","3","2","11:07:14682","23"
359,"команда ""Молодая гвардия""","Краснодон","0","7","0","2","13","11:07:05873","22"
360,"Вперёд, Россия!","Липецкая область, Задонский район, село Кашары","2","4","1","3","12","11:06:49501","22"
361,"Валдайцы","Валдай","3","2","3","4","10","11:07:03200","22"
362,"Плеяда","Петровск","4","1","3","4","10","11:07:12488","22"
363,"Камарчагские ребята","Посёлок Камарчага","4","2","3","3","10","11:07:22734","22"
364,"Кренделечки","Чита","4","2","4","2","10","11:07:23816","22"
365,"МБОУ""Напольновская СОШ""","Напольное","4","2","2","5","9","11:07:01437","22"
366,"Жигули","Тольятти","2","4","4","3","9","11:07:12721","22"
367,"Теремок","Р.п. Ветлужский","3","3","4","3","9","11:07:26241","22"
368,"Молодежь XXI века","Навашино","5","4","2","2","9","11:07:10341","22"
369,"Дружный интеллект","Шадринск","4","4","4","1","9","11:07:04393","22"
370,"Наследники","Гуково","4","4","3","3","8","11:07:06306","22"
371,"Легион","Елец","3","4","5","2","8","11:07:25408","22"
372,"Комета","село Красноселовка","5","3","4","2","8","11:07:24952","22"
373,"Умники и умницы","село Большая Елга","5","4","3","2","8","11:08:26632","22"
374,"Команда имени меня","Оренбург","3","2","5","5","7","11:06:16260","22"
375,"Крестоносцы звёздной пыли","Саратов","3","4","4","4","7","11:07:15976","22"
376,"ЗаРоссию","Елецкий район","4","3","5","3","7","11:07:11260","22"
377,"Буденовцы","Пролетарск","3","5","4","3","7","11:07:12335","22"
378,"Сударушка","Курск","6","1","5","4","6","11:07:07427","22"
379,"Жуковцы","Краснодар","5","3","4","4","6","11:07:13063","22"
380,"Зайчики","Ровеньки","4","5","3","4","6","11:07:25689","22"
381,"Первоцветы","Курская область","5","4","4","3","6","11:07:34372","22"
382,"Пятнашки","Самара","6","5","3","2","6","11:07:14648","22"
383,"Полянские огоньки надежды","Курский район","5","7","2","2","6","11:07:02564","22"
384,"Молодёжное единство МБОУ «Гимназия 1 г.Новопавловска»","Новопавловск","4","4","5","4","5","11:07:10948","22"
385,"ЦДТ Успех","Нижний Новгород","4","6","3","4","5","11:07:21742","22"
386,"Краснолучские знатоки","Красный Луч","5","6","4","2","5","11:07:44762","22"
387,"Мы дети России","с Крутой Майдан","5","5","4","4","4","11:06:30793","22"
388,"Совет молодежи при молодежном коворкинг- центре города Тосно","Тосно","4","8","3","3","4","11:07:26233","22"
389,"Библиотека Полярного","Полярный","4","5","5","5","3","11:07:10951","22"
390,"Юнландия","Борисоглебск","5","11","3","4","-1","11:07:16968","22"
391,"Winx","Чебоксары","2","3","3","1","12","11:07:32603","21"
392,"Пермяки","Пермь","2","1","4","3","11","11:07:12879","21"
393,"Игуаны","Таштып","3","2","4","1","11","11:06:28209","21"
394,"Нижегородские знатоки","Нижний новгород","3","2","4","1","11","11:07:25485","21"
395,"Время тайн","Новокуйбышевск","4","0","3","4","10","11:06:57267","21"
396,"Юные патриотки","Гатчина","3","4","2","3","9","11:07:06430","21"
397,"Беляевка","село Беляевка","5","2","2","3","9","11:07:13819","21"
398,"Клуб Слобода","Чаплыгин","3","3","4","2","9","11:07:14350","21"
399,"Борщевской фелиал МБОУ Заворонежская СОШ Мичуринского района","Тамбов","4","5","3","0","9","11:07:05451","21"
400,"Рисковые и отважные","Тамбовская область, Никифоровский район, р.п. Дмитриевка","1","3","5","4","8","11:07:15678","21"
401,"Саяны","Саянский район село Агинское","4","2","3","4","8","11:07:04459","21"
402,"ПК ""Октябрята""","п.Октябрьский Туапсинский район","2","5","5","1","8","11:07:12789","21"
403,"Мичуринский Волонтерский Корпус","Мичуринск","3","5","4","1","8","11:07:04969","21"
404,"МедиУМ","Курск","4","5","3","1","8","11:06:58858","21"
405,"Лисички","Набережные Челны","3","5","3","3","7","11:07:19742","21"
406,"10 Совет","г. Чебоксары","5","3","4","2","7","11:07:33892","21"
407,"МК РГО","Владимир","6","3","3","2","7","11:06:26502","21"
408,"Россияночка","Железногорск","5","9","0","0","7","11:07:26353","21"
409,"Взлёт!","Дмитровский г.о., п. Новосиньково","0","5","5","5","6","11:07:12783","21"
410,"МАОУ Ветлужская ОШ","р.п.Ветлужский","4","4","4","3","6","11:07:15886","21"
411,"безумные игроки","Москва","4","8","0","3","6","11:06:54778","21"
412,"Белый кролик","Острогожск","5","3","5","2","6","11:08:44499","21"
413,"Патриоты БГК","Городской округ город Бор","6","3","3","4","5","11:07:51658","21"
414,"Соколята","Новосибирск","4","5","4","3","5","11:07:13434","21"
415,"ЩИТ","Ст.Старощербиновская","4","6","4","2","5","11:07:44135","21"
416,"Трио","Мадмас","5","4","4","4","4","11:07:45682","21"
417,"Сабинский СДК","село Сабинка","4","6","3","4","4","11:06:27932","21"
418,"«VРЕМЯ Z»","д Студенок, Железногорского района Курской области.","4","5","6","2","4","11:07:02794","21"
419,"Патриоты","Ртищево","5","6","4","2","4","11:07:25594","21"
420,"Триколор","село Половинное","4","5","5","4","3","11:07:19568","21"
421,"В ногу со временем 2","Ноябрьск","2","8","4","4","3","11:07:04437","21"
422,"Знатоки","город Данков","5","7","5","3","1","11:07:11979","21"
423,"Десант","Озёрки","4","8","5","4","0","0","21"
424,"Патриоты СОШ45","Чебоксары","4","2","2","1","11","11:07:06098","20"
425,"Отряд фадеевцев","г. Самара","4","-2","4","4","10","11:06:59947","20"
426,"Пошумим","Шумиха","3","2","3","2","10","11:07:15646","20"
427,"Ленин","Грудцино","4","0","5","1","10","11:07:31602","20"
428,"Юный патриот","Шумиха","5","1","3","2","9","11:06:59112","20"
429,"Первая Рота","Москва","0","5","5","1","9","11:06:55850","20"
430,"Горды за Родину","пос. Новоколхозное, Неманский р-н","5","2","3","1","9","11:07:54240","20"
431,"Время Первых","Курган","2","2","4","4","8","11:07:02894","20"
432,"Знатоки НГСХА","Нижний Новгород","3","2","3","4","8","11:07:08364","20"
433,"Борисовцы","г.о. Лобня","5","0","3","4","8","11:06:57895","20"
434,"Мы символы России","Лысково","3","4","2","3","8","11:07:16332","20"
435,"Луч","Саратов","4","3","2","3","8","11:07:57335","20"
436,"Адреналин","Киров Калужская область","2","4","4","2","8","11:07:13819","20"
437,"Ювента","д.Яншихово-Челлы Красноармейского района Чувашской Республики","3","3","2","5","7","11:07:26325","20"
438,"Дети капитанаа Врунгеля","Самара","2","4","3","4","7","11:07:30622","20"
439,"Вилка и ложка","Чебоксары","4","2","3","4","7","11:07:38394","20"
440,"ИМПЕР","с. Апанасенковское","5","2","3","3","7","11:07:19642","20"
441,"Мы за мир","ЛНР, Свердловск пгт Калининский","4","4","3","2","7","11:09:07521","20"
442,"Патриоты ЛНР","Краснодон","2","6","4","1","7","11:08:00016","20"
443,"Дети Виссариона","Воронеж","4","2","4","4","6","11:07:03307","20"
444,"Прогресс","Давыдовка","4","3","3","4","6","11:07:25296","20"
445,"Z","Иркутская область. Тайшетский район. село Березовка","4","3","4","3","6","11:07:03730","20"
446,"ПАТРИОТЫ 4 ШКОЛЫ","Новочебоксарск","6","2","3","3","6","11:07:08460","20"
447,"1","Рп Елань-Коленовский","4","7","0","3","6","11:07:42676","20"
448,"Тимуровцы","Елец","6","2","4","2","6","11:07:18470","20"
449,"Интеллектуалы","Нижний Новгород","5","4","3","2","6","11:07:03944","20"
449,"Интеллектуалы","Чаплыгин","5","4","3","2","6","11:07:03944","20"
450,"Активисты","Липецкая область с. Красное","3","3","5","4","5","11:07:01832","20"
451,"Камелот","Саратов","4","2","5","4","5","11:07:42247","20"
452,"Молодежка89","Красноселькуп","5","4","2","4","5","11:06:44232","20"
453,"Голубь мира","Елецкий район","4","3","5","3","5","11:07:18291","20"
454,"Родные просторы","Елецкий район the yu","4","3","5","3","5","11:07:22341","20"
455,"Тыкли","Краснодар","3","6","4","2","5","11:06:19341","20"
456,"Российские патриоты","Радуга","5","4","4","2","5","11:07:07446","20"
457,"Патриоты п.Першино","Тюменская область, Уватский район, п.Першино","5","4","5","1","5","11:07:42941","20"
458,"Знамя","Мытищи","5","5","3","3","4","11:07:12209","20"
459,"Сильные духом","Ишимский район с. Стрехнино","5","4","3","5","3","11:06:46099","20"
460,"Анапский филиал МПГУ","Анапа","5","7","5","2","1","11:07:37006","20"
461,"Почти Эйнштейны","Мончегорск","3","4","2","0","10","11:07:05458","19"
462,"Библиотекарь","Село Доброе Липецкая область","2","1","3","4","9","11:07:31790","19"
463,"Добро","Липецкая область, с. Доброе","3","0","3","4","9","11:07:22240","19"
464,"Альтаир","Ровеньки","4","-1","3","4","9","11:07:15395","19"
465,"39 хаус","Воркута","3","2","3","2","9","11:06:51840","19"
466,"Будь в центре","Тамбов","4","-1","5","3","8","11:07:09188","19"
467,"Мангусты","Сланцы","4","2","2","3","8","11:07:02399","19"
468,"Гайдаровцы","Арзамас","3","5","2","1","8","11:06:31896","19"
469,"Бореевцы","Моршанск","2","4","5","0","8","11:06:58360","19"
470,"eggheads","Антрацит","4","1","3","4","7","11:07:24321","19"
471,"Пытливые умы ГКУ СПДП","Севастополь","4","2","3","3","7","11:07:29880","19"
472,"Патриоты Тоншаево","Тоншаево","5","1","3","3","7","11:07:09879","19"
473,"Медведи","С. Воронино","3","4","2","3","7","11:07:01684","19"
474,"Лютики","п. Гигант","2","5","3","2","7","11:07:37525","19"
475,"Окуневская библиотека №15","с. Окуневка Черноморского района Республики Крым","2","6","4","0","7","11:07:24500","19"
476,"Бобрята","Полярный","3","3","3","4","6","11:07:23002","19"
477,"Байкальская библиотека","село Кабанск","3","3","4","3","6","11:07:32867","19"
478,"8А 84 школа Челябинск","Челябинск","3","4","3","3","6","11:07:14371","19"
479,"Вариант есть всегда","ЕКАТЕРИНБУРГ","4","4","3","2","6","11:07:17310","19"
480,"Орион","Остроленский","4","4","4","1","6","11:07:15409","19"
481,"Вынгапур молодой","Ноябрьск","4","5","3","1","6","11:07:23615","19"
482,"6 Гимназия","Пенза","3","5","5","0","6","11:06:58505","19"
483,"России верные сыны","С. Красное","5","2","3","4","5","11:07:10407","19"
484,"Катюши","Нижний Новгород","5","2","4","3","5","11:08:40898","19"
485,"Меридиан","Чебоксары","4","5","2","3","5","11:07:26489","19"
486,"Инженерка","Пермь","4","7","1","2","5","11:06:56245","19"
487,"Защитники Родины","Павловск Воронежская область","4","6","3","1","5","11:07:32409","19"
488,"МБОУ СШ с. Таремское","Таремское","5","4","3","3","4","11:07:22360","19"
489,"Беркут Беляевский район","с. Беляевка","5","5","2","3","4","11:07:12727","19"
490,"Наследие","Набережные Челны","4","4","5","3","3","11:07:02311","19"
491,"Юнармейский отряд ""Подвиг"", МБОУ гимназия ""УВК №1""","Воронеж","6","5","2","3","3","11:07:37927","19"
492,"ЦДТТ","Тобольск","1","7","6","2","3","11:07:06847","19"
493,"Молодая гвардия","Антрацит","5","5","5","1","3","11:07:22367","19"
494,"Сыны России","с.Верхнедрезгалово","0","0","3","3","12","11:07:12727","18"
495,"Просветители","Чаплыгин","3","3","1","0","11","11:07:13791","18"
496,"Витязи","Ермолино","2","0","3","3","10","11:07:39692","18"
497,"Сова","ЛНР, г.Антрацит","3","0","3","2","10","11:07:20408","18"
498,"МБУК ""Паниковский ЦКД""","Задонский район","2","1","4","1","10","11:07:10120","18"
499,"Дуо","Чебоксары","5","-1","3","1","10","11:07:37480","18"
500,"Рок-эстрада","Полярный","5","0","1","3","9","11:07:31820","18"
501,"Бригантина","Будённовск","0","2","5","2","9","11:07:24665","18"
502,"Полтава","Саратов","2","1","4","2","9","11:07:30230","18"
503,"Патриотки","Калтанский городской округ","5","-1","3","2","9","11:06:28672","18"
504,"Новопетрово","Тюменская область Аромашевский район село Новопетрово","2","3","3","1","9","11:07:21435","18"
505,"Вымпел Гимназия №5","Саратов","4","2","2","1","9","11:07:05084","18"
506,"МБОУ СОШ№1","Ипатово","1","3","3","3","8","11:07:10848","18"
507,"#ЗаДело","Ярцево Смоленская область","2","2","3","3","8","11:06:54160","18"
508,"Могучая пятерка","Орловка","3","1","3","3","8","11:07:26553","18"
509,"МАОУ СОШ №12 г.Ишим","Ишим","3","3","4","0","8","11:07:09095","18"
510,"БУСИНКИ","Шахты","4","1","4","2","7","11:06:31799","18"
511,"Сатурн","Нововоронеж","4","2","3","2","7","11:06:55176","18"
512,"Без вопросов","Липецк","4","2","3","2","7","11:07:01430","18"
513,"Усманцы","Усмань","5","4","0","2","7","11:07:11473","18"
514,"Мы-Казачьи","Данков","3","4","3","1","7","11:08:01426","18"
515,"Слобода Раненбург","Чаплыгин","0","0","6","6","6","11:09:00338","18"
516,"Беркутятки","Новосибирская область","3","4","1","4","6","11:07:32729","18"
517,"Земляки","село Пожарки","2","4","3","3","6","11:07:47220","18"
518,"Шарашкина контора","г. Ворсма","2","5","3","2","6","11:07:00268","18"
519,"Умные ребята","Оренбург","5","2","3","2","6","11:07:16767","18"
520,"Юность","Воронежская область, Новохопeрский район","4","5","2","1","6","11:07:41576","18"
521,"Патриоты п.свх.агроном","П.свх.Агроном","4","0","4","5","5","11:06:58737","18"
522,"Шадов фиенд","Саратов","1","3","5","4","5","11:07:14176","18"
523,"Патриоты","Село Сотниково","2","2","5","4","5","11:07:25594","18"
524,"LawTeam","Ростов-на-Дону","2","3","4","4","5","11:07:12325","18"
525,"Фрунзевцы","Красноперекопск","1","5","3","4","5","11:08:00316","18"
526,"Мафия","Саратов","4","2","3","4","5","11:07:15232","18"
527,"Ласточка","Чебоксары","4","1","5","3","5","11:07:22118","18"
528,"Гимназистки","Советск","4","3","3","3","5","11:07:14989","18"
529,"TXT","Тольятти","5","3","3","2","5","11:07:12534","18"
530,"В ногу со временем 1","Ноябрьск","3","6","2","2","5","11:07:31382","18"
531,"Гангстеры","Мурманск","4","5","2","2","5","11:07:04374","18"
532,"Дети_России_","Поселок Переволоцкий","3","5","4","1","5","11:07:06871","18"
533,"Новое поколение","Абрамовка","3","7","2","1","5","11:07:08298","18"
534,"Смышлённые","Янтиковский район, село Янтиково","3","4","4","3","4","11:07:23351","18"
535,"Сталинград","г. Первомайск","4","5","2","3","4","11:06:55442","18"
536,"Крутые крутышки","Череповец","4","5","2","3","4","11:07:06172","18"
537,"8 Б","Ставрополь","6","3","4","1","4","11:09:07782","18"
538,"Выбор России","рп. Глубокий","1","5","5","4","3","11:07:05556","18"
539,"Сестры","Кызыл","4","5","2","4","3","11:07:11877","18"
540,"МОЛОДАЯ ГВАРДИЯ","Воронеж","4","5","5","1","3","11:07:22367","18"
540,"Молодая гвардия","Мытищи","4","5","5","1","3","11:07:22367","18"
541,"Минькинские патриоты","Мурманск","4","4","4","4","2","11:07:19715","18"
542,"Mitrix style","Село Ивановское","6","4","3","4","1","11:09:35279","18"
543,"Юные россияне","село Омутинское Омутинского района Тюменской области","3","8","5","2","0","11:07:20582","18"
544,"Кадеты 7 б","Чебоксары","0","0","0","2","15","11:07:12238","17"
545,"SOS-актив","Мурманск","4","-1","2","3","9","11:07:00667","17"
546,"Россия","Челябинск","2","0","4","2","9","11:06:54130","17"
547,"Спортсмены","Тюменская область, Уватский район","3","0","3","2","9","11:07:30800","17"
548,"Себеж-Ресурс","Себеж","3","1","2","3","8","11:07:31413","17"
549,"Филиал ФГБОУ ВО ""Кубанский государственный университет"" в г. Новороссийске","Новороссийск","4","0","2","3","8","11:07:00794","17"
550,"Маргеловцы","Красноперекопск","2","4","0","3","8","11:07:54158","17"
551,"Сияние","Апатиты","4","0","3","2","8","11:07:05921","17"
552,"Доброе сердце","Темрюк","3","4","1","1","8","11:06:58829","17"
553,"Пс-21","Железногорск","2","2","5","0","8","11:07:08477","17"
554,"Краснобаковские патриоты","рп Красные Баки","1","3","3","3","7","11:07:09386","17"
555,"Питерские Витязи","Санкт-Петербург","5","1","3","1","7","11:07:01552","17"
556,"Герои из будущего","Село Россошь","5","2","3","0","7","11:07:18981","17"
557,"Хивинские ребята","Кировск","3","1","2","5","6","11:07:32643","17"
558,"МБОУ Озерская СОШ","Озерки","0","4","3","4","6","11:07:28095","17"
559,"Барбоскины","Большие Бикшихи","4","2","2","3","6","11:07:03695","17"
560,"Светлячки Тольятти","Тольятти","5","3","1","2","6","11:06:57688","17"
561,"Российская интеллигенция","Краснолипье","1","5","4","1","6","11:07:39163","17"
562,"ПриСТиж","Прокопьевск","2","6","3","0","6","11:07:32364","17"
563,"Звёздные воины","Воронеж","2","7","2","0","6","11:07:16551","17"
564,"Прорыв","Нововоронеж","3","4","1","4","5","11:07:18749","17"
565,"Катюши","Балахна","3","2","4","3","5","11:08:40898","17"
566,"Бравые ребята","Никольск","5","2","2","3","5","11:06:40400","17"
567,"Великолепная четверка","Моршанск","4","2","4","2","5","11:07:12131","17"
568,"пять плюс один","Ростовская область, ст. Багаевская","5","2","3","2","5","11:07:10647","17"
569,"Мы сила и ум!","Ноябрьск","4","1","4","4","4","11:07:09555","17"
570,"Мозговой десант","Буинск","3","3","3","4","4","11:07:15709","17"
571,"Большекаменская школа","Ровеньки","4","2","4","3","4","11:07:21249","17"
572,"Экспресс","Пенза","5","3","3","2","4","11:07:12671","17"
573,"Пара","Железногорский район Курская область","5","3","2","4","3","11:07:14228","17"
574,"МКОУ СОШ №3 с.Дивное","Село Дивное","3","5","4","2","3","11:07:20303","17"
575,"ЗаПобеду","Чебоксары","5","3","4","2","3","11:07:24056","17"
576,"Три розовых кота","Мухтолово","4","5","4","1","3","11:07:08800","17"
577,"Черноморочки","пгт Черноморское","4","3","5","3","2","11:07:31895","17"
578,"Альтруист","р.п. Ордынское","4","5","4","2","2","11:07:33815","17"
579,"ВПК Исток","Находка","5","4","5","1","2","11:07:20015","17"
580,"ГОАУСОН ""Апатитский КЦСОН""","Апатиты","2","7","4","4","0","0","17"
581,"Патриоты Родины","Красное","5","5","3","4","0","0","17"
582,"Фнатики","Сертолово","4","10","3","0","0","11:07:48456","17"
583,"Соколы","Тольятти","3","0","3","1","9","11:07:05169","16"
584,"The jokers","Ровеньки","3","0","4","0","9","11:07:05582","16"
585,"Наши","с.Мухраново","2","4","1","1","8","11:07:08834","16"
586,"10 класс","Калиновка","1","3","4","1","7","11:07:17483","16"
587,"Монолит","с. Новопавловка Большеглушицкого района Самарской области","2","2","4","1","7","11:07:03753","16"
588,"Магнитная аномалия","п.Магнитный","2","3","3","1","7","11:07:09951","16"
589,"Высокий ICQ","Свердловск","3","4","2","0","7","11:07:26487","16"
590,"Патриоты страны ГООШ","Гагаринское","4","4","0","2","6","11:08:46240","16"
591,"Веселые","п.Кадуй","3","3","3","1","6","11:07:34584","16"
592,"Бриз","Новоалександровск","4","2","3","1","6","11:07:01904","16"
593,"Один на всех","Село Арзгир","3","4","3","0","6","11:07:06066","16"
594,"Солнышко","Чебоксары","3","4","3","0","6","11:07:20900","16"
595,"Магточка","Магадан","3","3","4","1","5","11:07:01943","16"
596,"Смелые Орлята","Старощербиновская","4","2","3","3","4","11:07:06433","16"
597,"Сосновские","Сосновское","3","4","2","3","4","11:07:19290","16"
598,"Патриоты_72","село Алымка","3","5","1","3","4","11:07:26783","16"
599,"Пётр Константинович","Новокуйбышевск","2","4","4","2","4","11:07:15512","16"
600,"ЦМИшки","Нефтеюганск","3","5","3","1","4","11:09:25360","16"
601,"Умные филины","Воткинск","2","8","1","1","4","11:07:06691","16"
602,"Дипломаты","Ровеньки","3","2","3","5","3","11:07:21036","16"
603,"Галактика 50","Саратов","4","2","2","5","3","11:07:11473","16"
604,"Красное знамя","г. Воронеж","4","4","4","1","3","11:07:07404","16"
605,"Котята","Армавир","5","3","5","0","3","11:07:28431","16"
606,"Большемурашкинцы","Нижегородская область р.п. Большое Мурашкино","5","3","4","3","1","11:07:42774","16"
607,"патриотики","мичуринск","1","6","5","4","0","0","16"
608,"Мы просто посмотреть","Лабытнанги","6","4","4","2","0","11:04:03004","16"
609,"Герои Пестравки","с. Пестравка","3","7","5","3","-2","11:07:18348","16"
610,"Головомюсли","Прокопьевск","4","-5","4","3","9","11:07:17090","15"
611,"Волонтёры Культуры","Владимир","1","2","2","2","8","11:07:00930","15"
612,"Созвездие Королёва","Тольятти","3","0","2","2","8","11:07:03500","15"
613,"Знаем всё","Чернава","1","2","4","0","8","11:07:38825","15"
614,"Просто КОМАНДА","Челябинск","0","2","4","2","7","11:07:02761","15"
615,"Тотали спайс","Острогожск","2","2","4","0","7","11:07:11945","15"
616,"МЛСЧ","Беловский р-н","3","0","2","4","6","11:07:53541","15"
617,"Единство","Село Кировское","4","0","2","3","6","11:07:46653","15"
618,"Правые","п. Кадуй","2","2","3","2","6","11:07:52594","15"
619,"Вспышка","Пенза","4","1","2","2","6","11:07:28365","15"
620,"Огонёк","Орск","3","1","5","0","6","11:07:14724","15"
621,"Fey","Сертолово","3","3","3","0","6","11:07:31111","15"
622,"ОК","Курганская область г. Катайск","3","2","3","2","5","11:07:03587","15"
623,"Синева","Тотьма","4","2","3","1","5","11:07:07789","15"
624,"Мы едины","Новокуйбышевск","4","2","3","1","5","11:07:11154","15"
625,"Уран","Ливны","6","0","3","1","5","11:07:04036","15"
626,"Верные друзья","Село Терновое","4","4","0","3","4","11:07:13617","15"
627,"Вместе навсегда","ЛНР, город Свердловск, пгт Калининский.","3","3","4","1","4","11:07:18970","15"
628,"Своих не бросаем","Филиал МБОУ СОШ с. Донское в селе Скорняково","4","3","3","1","4","11:07:23756","15"
629,"Парус","Новосёловский район,Бараит","5","2","3","1","4","11:07:13279","15"
630,"Следопыты с улицы краснознаменной","Воронеж","3","2","4","3","3","11:07:24600","15"
631,"Рябинушка","р.п. Варгаши","5","0","4","3","3","11:07:08669","15"
632,"Константиновск номер 2","Константиновск","4","2","4","2","3","11:07:08175","15"
633,"Наследники победы","Курск","3","5","2","2","3","11:07:12382","15"
634,"Чёрная банда","Краснодар","4","4","3","1","3","11:07:01885","15"
635,"Лунастеры","Сланцы","3","6","2","1","3","11:07:12390","15"
636,"Природный дар","Ишим","3","6","2","2","2","11:06:57167","15"
637,"Эверест","Размазлей","3","5","5","0","2","11:07:24208","15"
638,"Колобки","рп. Чернь","4","6","2","2","1","11:07:06611","15"
639,"Молодёжный коворкинг центр г. ТОСНОzh","Тосно","4","7","3","0","1","11:07:22262","15"
640,"Истоки","Калач","5","2","3","5","0","0","15"
641,"93-е патриоты","Тольятти","0","1","3","0","10","11:06:35906","14"
642,"Молодой Ранкбург","Чаплыгин","0","0","0","5","9","11:07:29252","14"
643,"Кардиналы","пгт. Новодарьевка","2","1","2","1","8","11:07:23527","14"
644,"Что.Мы.Такое?!","Беринговский","3","0","3","1","7","11:06:59614","14"
645,"Радуга","город Первомайск","5","-2","3","1","7","11:07:23812","14"
646,"ТЕХНО-ЦАТТ","Цивильск","3","0","3","2","6","11:07:23808","14"
647,"Гильдия","Абакан","4","-2","3","4","5","11:07:00954","14"
648,"AOLD","Новокуйбышевск","0","4","2","3","5","11:07:21306","14"
649,"Патриоты","Владимир","2","3","2","2","5","11:07:25594","14"
650,"Золотой ключик","г. Гуково","2","2","4","1","5","11:07:23818","14"
651,"Stavropol Students","Ставрополь","3","3","2","1","5","11:07:09247","14"
652,"Живи и помни","Гуково","2","2","3","3","4","11:07:33542","14"
653,"Я+Мы","г. Борисоглебск","3","1","3","3","4","11:07:00665","14"
654,"Дворцовские","Петропавловск-Камчатский","5","-1","4","2","4","11:07:14435","14"
655,"Случайные пассажиры","ЛНР город Свердловск","2","3","3","2","4","11:08:11638","14"
656,"ИГК","Ирбит","1","4","4","1","4","11:07:15628","14"
657,"Ямаш","с. Ямашево Рыбно-Слободского муниципального района Республики Татарстан","3","2","4","1","4","11:07:18412","14"
658,"Актив_+","пгт. Дарасун","4","2","3","1","4","11:07:12691","14"
659,"Дружина","село Тарбагатай","5","2","2","1","4","11:07:11845","14"
660,"Подвиг","Воронеж","4","6","0","0","4","11:07:24854","14"
661,"ВФормате19","Пенза","4","0","4","3","3","11:07:18757","14"
662,"Орешки","Гатчина","2","3","3","3","3","11:07:13129","14"
663,"Never gonna give you up","Саратов","4","2","2","3","3","11:07:20780","14"
664,"Муравьихинская школа","Суроватиха","3","1","5","2","3","11:07:07333","14"
665,"Дом молодежи Сольцы","Сольцы","0","6","3","2","3","11:07:10402","14"
666,"Форвард","Красноярский край, Шарыповский район, с. Малое Озеро","4","2","4","1","3","11:07:03867","14"
667,"Краски России","С.александрия","3","5","3","0","3","11:07:08518","14"
668,"РУССКИЕ ДУШОЙ","Воронеж","5","2","1","4","2","11:07:04753","14"
669,"Гран-при","Большое Мурашкино","3","3","4","4","0","11:08:01727","14"
670,"Гвардейская машина","Владимир","3","4","6","1","0","11:07:11736","14"
671,"Великие","Крымск","3","7","3","1","0","11:07:24619","14"
672,"Турбо","Первомайск","4","9","3","1","-3","11:07:17852","14"
673,"Хитрые Лисы","Шаранга","2","-1","3","1","8","11:07:13924","13"
674,"Наследие Лесюка","Елец","2","-1","3","2","7","11:07:13652","13"
675,"Патриотиzм","Шахты","3","0","3","0","7","11:07:09187","13"
676,"Лидер","Бурятия","0","-1","4","4","6","11:07:33680","13"
677,"Кристалл Борисоглебск","Борисоглебск","1","3","1","2","6","11:06:32478","13"
678,"Почти Эйнштейны","Алеево","4","0","2","1","6","11:07:05458","13"
679,"Ольчанки","пгт.Ола","2","3","2","0","6","11:07:16618","13"
680,"7-STAR","Острогожск","0","-4","6","6","5","11:07:03129","13"
681,"Драконы","пгт. Кедровый","3","-2","3","4","5","11:07:36237","13"
682,"За нами будущее","Заозерск","5","-2","3","2","5","11:07:25643","13"
683,"Помощник","с.Бобриково, Антрацитовский р-н, ЛНР","3","1","2","2","5","11:07:17304","13"
684,"Джентельмены удачи","Чехов","1","3","3","1","5","11:05:36026","13"
685,"Дружные","Село Восточная Старинка, Тамбовская область","1","3","3","1","5","11:07:25810","13"
686,"Ошняк","с.Малый Ошняк","1","3","3","1","5","11:07:44718","13"
687,"Победители Раф","С. Рафайлов Антрацитовский район","3","2","2","1","5","11:07:51272","13"
688,"Пламя","Село Старомарьевка","3","3","1","1","5","11:08:12627","13"
689,"Амонгасики","Горно-Алтайск","2","3","3","0","5","11:07:27110","13"
690,"Мы Патриоты!","обл. Воронежская, р-н Аннинскй, п. центральной усадьбы совхоза ""Пугачёвский""","3","0","2","4","4","11:07:12950","13"
691,"Благовчане","г.Ровеньки","3","1","2","3","4","11:07:21911","13"
692,"Художники арбузов","Сертолово","2","3","1","3","4","11:07:04336","13"
693,"Разумницы","Пенза","4","1","3","1","4","11:07:40675","13"
694,"Адвокаты","Сорочинск","5","0","4","0","4","11:06:57852","13"
695,"Юные защитники Отечества","Новотроицк","3","3","3","0","4","11:07:17208","13"
696,"Экипаж","Рыбная Слобода","0","3","5","2","3","11:07:39607","13"
697,"Ракета","Вадинск","2","2","4","2","3","11:07:07926","13"
698,"Молодежный Совет села Березовка","Тайшет","4","0","4","2","3","11:07:10792","13"
699,"динамит","ртищево","5","0","3","2","3","11:07:33775","13"
700,"Феникс","Кыласово","4","2","2","2","3","11:07:14301","13"
701,"Успех","Свердловск","3","2","4","1","3","11:07:19002","13"
702,"кактус","курган","3","4","2","1","3","11:06:38881","13"
703,"Нижне Тимерликовская сельская библиотека","Рыбная Слобода","5","1","1","4","2","11:07:12011","13"
704,"Данко","Пгт. Промышленная","3","5","1","2","2","11:07:30332","13"
705,"Городецкий пряник","Городец","6","0","3","3","1","11:02:56973","13"
706,"ДЮСШ","Никольск","3","5","1","3","1","11:07:28294","13"
707,"Дружба","с. Крутиха Далматовксого района","4","1","3","5","0","11:09:45967","13"
708,"Молдума33","Владимир","3","5","4","1","0","11:07:08897","13"
709,"Ватан","Кизляр","4","6","3","0","0","0","13"
710,"Алканы","Саратов","4","2","4","4","-1","11:07:29183","13"
711,"Патриоты 67","Деревня Лосня","3","5","4","3","-2","11:07:04622","13"
712,"Всезнайки","Арзгир","5","5","2","3","-2","11:07:06892","13"
713,"Баклажанчики","Челябинск","4","-3","4","2","5","11:07:14515","12"
714,"КирюшА","Сальск","0","2","3","2","5","11:07:34797","12"
715,"Динозаврики","Сыктывкар","1","1","3","2","5","11:08:12419","12"
716,"Удача","с. Красное Краснинский район Липецкая область","2","1","3","1","5","11:07:29691","12"
717,"Знатоки своей страны","Сыктывкар","2","2","2","1","5","11:07:17816","12"
718,"АВА","Белорецк","4","0","1","3","4","11:07:20211","12"
719,"Dark Siders","Острогожск","0","0","6","2","4","11:07:11046","12"
720,"Люди в черном","Антрацит","0","0","6","2","4","11:07:39458","12"
721,"Кармалиновские казачки","ст. Кармалиновская","3","0","3","2","4","11:07:32939","12"
722,"БэГиС","Свердловск","3","2","2","1","4","11:07:26840","12"
723,"Темп","с.Черкасское, Павловский район, Воронежская область","2","4","1","1","4","11:07:33495","12"
724,"Фантастическая четверка","Лиски","3","3","1","1","4","11:08:04415","12"
725,"Шляпа","с. Воронцовка Павловского р-на Воронежской обл.","2","3","3","0","4","11:07:13149","12"
726,"Миньоны","Гатчина","3","2","3","0","4","11:06:55369","12"
727,"Ориентир","Симферополь","1","5","2","0","4","11:07:11763","12"
728,"умницы","Саратов","3","3","2","0","4","11:06:57818","12"
729,"лидеры72","с. Абаткое","3","3","2","0","4","11:07:56042","12"
730,"Двойняшки","Находка","4","1","4","0","3","11:07:26657","12"
731,"Молодёжка ОНФ (с.Батама)","Батама","3","3","3","0","3","11:07:21184","12"
732,"Высшая лига","Пос. Советское Руно","5","1","3","0","3","11:07:03595","12"
733,"Новаторы","Сватовский район, село Петровка","2","4","2","2","2","11:07:28666","12"
734,"МЕЧТАТЕЛИ","поселок Текстильщики","3","2","4","1","2","11:07:25902","12"
735,"КОШКИНСКИЕ ЗВЁЗДЫ","с Кошки","5","1","3","1","2","11:07:26730","12"
736,"Умнички благоразумнички","Саратов","2","5","2","1","2","11:06:24300","12"
737,"Умники","Набережные Челны","4","1","3","3","1","11:07:13407","12"
738,"Умницы-красавицы","Мурманск","3","5","3","0","1","11:07:12446","12"
739,"Крепость","Р. П Шатки","4","0","5","3","0","0","12"
740,"Прометеи","Арзамас","3","3","3","3","0","0","12"
741,"МБОУ ""Грачевская СОШ имени С. Ф Лиховидова"" Боковского района","хутор Грачев","4","2","4","2","0","0","12"
742,"Бобрики","Советский","0","0","0","3","8","11:07:07437","11"
743,"Лютик","Навашино","1","-1","2","1","8","11:07:05099","11"
744,"Лидеры нашего времени","Писаревка","0","-2","4","2","7","11:07:22197","11"
745,"Иланские ВП","Иланский","0","0","2","3","6","11:06:20057","11"
746,"Вымпел","Пенза","0","0","4","1","6","11:08:18093","11"
747,"Космонавты","Шахты","1","1","2","1","6","11:07:06006","11"
748,"И ты крут","с.Заводопетровское","1","2","2","1","5","11:07:36401","11"
749,"ЦАТТ","Чебоксары","2","1","2","1","5","11:07:51154","11"
750,"цфор","уват","2","1","2","2","4","11:07:25699","11"
751,"Корунд","Дзержинск","1","2","3","1","4","11:07:24086","11"
752,"Смешарики","Саратов","2","2","3","0","4","11:07:13853","11"
753,"Триумф","село Кильдеево Республика Татарстан","1","4","2","0","4","11:07:23292","11"
754,"вилюянки","вилюйск","0","3","2","3","3","11:07:08717","11"
755,"пуль","Антрацит","0","3","3","2","3","11:07:34869","11"
756,"Динамит","Саратов","3","0","3","2","3","11:07:33775","11"
757,"С.И.Л.А.","Полярный","4","1","1","2","3","11:07:15446","11"
758,"Колибр","Дмитриевка","2","2","3","1","3","11:07:42053","11"
759,"Мы Патриоты","Красноармейское","3","1","3","1","3","11:07:02311","11"
760,"Дети Селезневки","пгт Селезневка, Перевальский район, ЛНР","4","2","1","1","3","11:07:24485","11"
761,"Тоболячки","Тюменская область Тобольский район п. Сетово","2","3","3","0","3","11:07:14399","11"
762,"Лепестки","Свердловск","5","0","3","0","3","11:07:14277","11"
763,"Юный Патриот!","Саратов","2","1","3","3","2","11:07:55270","11"
764,"Сила в правде","Поселок 1-го отделения совхоза победа","0","3","4","2","2","11:06:24661","11"
765,"Частичка России","Кваркено","0","4","4","1","2","11:07:44384","11"
766,"Актив","Краснодарский край Темрюкский район станица Ахтанизовская","2","3","3","1","2","11:07:35450","11"
767,"Доверие","Набережные Челны","4","3","1","1","2","11:07:30977","11"
768,"ЧТСГХ С11-21","Чебоксары","1","4","4","0","2","11:07:07770","11"
769,"Великие Русские","Лутугино","3","3","3","0","2","11:08:32589","11"
770,"Экстрим","Бармино","3","3","2","2","1","11:07:53786","11"
771,"Ультра совместные умные мысли (USUM) squad","Саратов","2","4","3","1","1","11:06:03621","11"
772,"Палочка Твикс","с.Большой Солтан,Рыбно-Слободский р-н, РТ","4","4","1","1","1","11:07:22951","11"
773,"Матрёшки","Гуково","4","0","3","4","0","0","11"
774,"Кошечки","Абакан","5","2","0","4","0","11:07:11945","11"
775,"Fe46","П.Новоандросово","4","1","3","3","0","11:07:34176","11"
776,"Семёновцы","с. Семёновское","2","4","5","0","0","0","11"
777,"Фортуна","Данков","1","6","4","0","0","11:07:04705","11"
778,"Дети России 2022","Саратов","3","4","4","0","0","0","11"
779,"Мстители","Тюмень","3","6","2","0","0","0","11"
780,"МЕДИА","Ноябрьск","6","0","2","4","-1","11:07:23491","11"
781,"Эйнштейны2004","Находка","1","1","1","2","5","11:07:30000","10"
782,"ARMY","Рт, Рыбно-Слободский район, село Биектау","0","0","4","1","5","11:07:11841","10"
783,"МКУ ""Молодёжный центр "" Светлана""","с. Сюмси","1","0","4","0","5","11:07:17186","10"
784,"Методисты","с. Волово","2","1","2","0","5","11:07:17090","10"
785,"Плотина","Москва","3","-2","2","3","4","11:07:20538","10"
786,"Восьмиклассники","с. Лосево Павловского р-на Воронежской области","3","2","1","0","4","11:07:09962","10"
787,"мв","Шахты","0","3","4","0","3","11:07:47098","10"
788,"фанатки ринатика","Чебоксары","3","0","4","0","3","11:07:16704","10"
789,"Святая троица","Острогожск","3","1","2","2","2","11:07:22345","10"
790,"Шторм","Чмыровка","1","3","3","1","2","11:07:42251","10"
791,"Три товарища","Нижний Новгород","5","-1","3","1","2","11:07:03997","10"
792,"крабики","Ухта","2","3","3","0","2","11:07:15586","10"
793,"Эволюция","Краснодон","2","5","1","0","2","11:07:28669","10"
794,"Умники","Кунгурский муниципальный округ","1","2","3","3","1","11:07:13407","10"
795,"Зеленорощинская библиотека-филиал №21","Курск","0","5","2","2","1","11:07:20002","10"
796,"Девятая рота","Свердловск","3","0","5","1","1","11:07:35484","10"
797,"Дружба","С. КРИВСКОЕ","1","1","3","5","0","11:09:45967","10"
798,"Крутышка","Козловка","0","2","6","2","0","0","10"
799,"Взлет","Саратов","2","3","3","2","0","11:07:18018","10"
800,"Молодой Раненбург","Чаплыгин","2","3","5","0","0","0","10"
801,"ВСЕГДА РЯДОМ","Терский","2","4","4","0","0","0","10"
802,"Ромашки","Вутабоси","3","3","4","0","0","11:01:43942","10"
803,"Вектор Севера","Гаджиево","2","5","3","0","0","0","10"
804,"Северяне","Кировск","6","1","3","0","0","0","10"
805,"Капельки","с.Радищево, Пензенская область","4","0","4","3","-1","11:06:52630","10"
806,"Юнармейцы Сибири","Ужурский район с. Михайловка","2","4","5","0","-1","11:07:19179","10"
807,"Цвет Нации","Нижний Козьмяш","0","0","1","2","6","11:06:38895","9"
808,"Удача","Куйбышево","1","0","2","1","5","11:07:29691","9"
809,"Орловские Дети России","Орлрвка, Кировский район","0","0","2","4","3","11:07:09295","9"
810,"ГБПОУ ВО «ВЮТ»","Воронеж","2","-2","2","4","3","11:07:24548","9"
811,"Муген","п.Муген","0","1","3","2","3","11:07:44518","9"
812,"Оптимисты","Острогожск","2","0","2","2","3","11:08:20891","9"
813,"Успех","Село Хохлово","1","2","2","1","3","11:07:19002","9"
814,"Чак-Чаки","Казань","1","3","2","0","3","11:06:50268","9"
815,"Далековцы","Далекое","2","2","2","0","3","11:07:20335","9"
816,"Донцы","Сальск","0","2","3","2","2","11:07:50076","9"
817,"ЮРГЕНБУРГ","СЕЛО ЮРГИНСКОЕ","2","2","1","2","2","11:07:10030","9"
818,"Супер Дуэт","пгт Каменск","3","2","1","1","2","11:07:11958","9"
819,"Патриоты России","Улан-Удэ","3","0","4","0","2","11:07:32327","9"
820,"Мбоу сш №14","Арзамас","1","3","3","0","2","11:06:59254","9"
821,"Задоринки","с. Новосредненсеое","2","2","3","0","2","11:07:01832","9"
822,"Лучики","Лебедянь","3","1","3","0","2","11:07:13583","9"
823,"Незабудки","Светлый Дол","1","4","2","0","2","11:07:13283","9"
824,"НЛО","с. Тарбагатай","0","2","3","3","1","11:07:08194","9"
825,"Жидиловцы","Мичуринск","2","1","3","2","1","11:07:22976","9"
826,"Шумбут","Рыбная Слобода","1","3","4","0","1","11:07:14680","9"
827,"Эрудиты","Елец","4","1","3","0","1","11:07:20015","9"
828,"школа №4","Нововоронеж","4","2","2","0","1","11:07:05588","9"
829,"Хибинские самураи","Кировск","5","0","3","1","0","11:07:25127","9"
830,"Росток","Д. Шумерля","3","2","4","0","0","0","9"
831,"Триколорки","Магнитогорск","3","3","3","0","0","0","9"
832,"9 А МОУ СОШ школа N 82 (Саратов)","Саратов","5","2","2","0","0","0","9"
833,"Пионеры","Шихазаны","4","5","0","0","0","0","9"
834,"МБУ Молодежный центр","Г.о.г. Выкса","3","2","3","2","-1","11:06:58882","9"
835,"Богатырь","Краснодон","0","0","2","1","5","11:07:32753","8"
836,"Союз школьников","Тахта","0","0","2","1","5","11:08:43499","8"
837,"Будущее село","Казань","1","0","3","0","4","11:07:48406","8"
838,"Белозерка","Курган","1","2","1","1","3","11:07:08282","8"
839,"Оптимисты","д. Ершово","2","1","2","0","3","11:08:20891","8"
840,"Колос","село Никольское","2","2","1","0","3","11:07:08108","8"
841,"Перфекционистки","Горно-Алтайск","2","2","1","0","3","11:07:17758","8"
842,"Смелые","Мурманск","2","2","2","0","2","11:07:07761","8"
843,"Читающие","Липецкая область Воловский район с.Волово ул.Советская д.55","2","2","2","1","1","11:07:30808","8"
844,"ВМФ","Москва","2","2","3","0","1","11:07:17014","8"
845,"Шеморбаш","Шеморбаш","1","4","2","0","1","11:06:33991","8"
846,"Росияночка","Железногорск","0","0","3","5","0","0","8"
847,"Гренада","Самара","1","1","5","1","0","11:07:21975","8"
848,"Султан","Рыбно-Слободский район, д. Тябердино-Челны","3","0","4","1","0","11:07:22299","8"
849,"Шесть рук","Моршанск","4","0","3","1","0","0","8"
850,"Патриоты РОССИИ 48","Лебедянь","3","2","2","1","0","11:07:04705","8"
851,"Всеведы","Новохопёрский район, село Пыховка","2","1","5","0","0","0","8"
852,"Маленькие звёздочки","Саратов","3","0","5","0","0","0","8"
853,"Берегиня","Пгт Кильдинстрой","4","0","4","0","0","0","8"
854,"Стрельцы","Шахты","3","2","3","0","0","0","8"
855,"Голубая лагуна","Гатчина","3","3","2","0","0","0","8"
856,"Полиглот","Чебоксары","4","2","2","0","0","0","8"
857,"Паруса","Нововоронеж","3","4","1","0","0","0","8"
858,"Молодёжный центр","Голышманово","0","0","3","0","4","11:07:09265","7"
859,"Вершина","с.Шетнево-Тулуши","2","1","1","0","3","11:07:15416","7"
860,"Патриоты-19","Майкоп","4","-2","2","1","2","11:07:07761","7"
861,"Витязь(Мороз)","Никольск","0","3","1","1","2","11:07:15537","7"
862,"Не победимые!","Нижегородская обл, п. Новый Мир","1","0","4","0","2","11:08:03136","7"
863,"ЭкоЛебедянь","Лебедянь","0","3","2","0","2","11:07:26811","7"
864,"Читалкины","пос.им. Крупской","2","1","2","0","2","11:07:19032","7"
865,"Мы россия!","оленевка","3","1","1","0","2","11:07:40312","7"
866,"МБУК ""Ольшанский ЦКД""","с. Ольшанец","2","1","3","0","1","11:06:28356","7"
867,"Star","Сергач","2","2","2","0","1","11:07:02980","7"
868,"Пресс-центр Диалог","Санкт-Петербург","2","3","1","0","1","11:07:05083","7"
869,"Вверх","С.Большой Машляк","2","-1","3","3","0","11:07:54708","7"
870,"Кадеты ЧКК","Чебоксары","0","3","4","0","0","0","7"
871,"Андромеда","Краснодон","1","3","3","0","0","0","7"
872,"Феникс22","Антрацит и Антрацитовский район","3","3","1","0","0","11:09:07212","7"
873,"Дом дружбы народов","Нижнекамск","3","4","0","0","0","0","7"
874,"Ольшанцы","с. Нижний Ольшан Острогожского района","4","3","0","0","0","0","7"
875,"Сказочный патруль","С. Алымка","5","2","0","0","0","0","7"
876,"69 высота","Гаджиево","5","3","1","0","-2","11:03:20665","7"
877,"Открытые сердца","станица Ленинградская","1","0","3","0","2","11:07:22874","6"
878,"Ленинградская молодежь","станица Ленинградская","1","0","3","0","2","11:07:26572","6"
879,"Флагоносцы","Краснодар","3","-2","3","2","0","11:07:02966","6"
880,"«Карапузцы»","Тоцкое Второе","2","0","4","0","0","11:07:23206","6"
881,"РСМ","Магадан","3","0","3","0","0","0","6"
882,"Капитаны","Краснодар","1","3","2","0","0","11:05:59358","6"
883,"Патриоты Отечества","Домодедово","3","2","1","0","0","0","6"
884,"ZOV","ЛНР, пгт.Семейкино","1","0","5","2","-2","11:07:10569","6"
885,"послушники","Ровеньки","0","0","0","1","4","11:07:32190","5"
886,"Любознательные","д. Денисово","2","-2","3","0","2","11:07:18150","5"
887,"Платина","Москва","0","0","1","3","1","11:07:13107","5"
888,"Созвездие","Ясенцы","0","0","0","5","0","0","5"
889,"Новое поколение","Мичуринский район","2","-3","3","3","0","0","5"
890,"Девчата","РТ.Рыбная-Слобода, пгт.Рыбная Слобода","0","0","3","2","0","0","5"
891,"первосвященники","ровеньки","0","0","5","0","0","0","5"
892,"Россия в сердце","Ровеньки","0","2","3","0","0","0","5"
893,"Библио-феи","с.Павловка Марксовский район Саратовская область","2","0","3","0","0","11:06:10522","5"
894,"ТЭК","Щекино","1","2","2","0","0","11:07:40322","5"
895,"СТЭЛ","Предгорный муниципальный округ","4","-1","2","0","0","0","5"
896,"Пассаж","Шадринск","2","2","1","0","0","11:07:17292","5"
897,"Звёздочки","р. п. Ветлужский","3","1","1","0","0","0","5"
897,"beaver team","Новопавловск","3","1","1","0","0","0","5"
898,"ЕЛСБУ","Елец","3","2","0","0","0","0","5"
899,"Сосновый","Сосновый","5","0","0","0","0","0","5"
900,"8 А","Майкоп","1","1","3","1","-1","11:07:10499","5"
901,"Правоохранители","Находка","3","2","1","0","-1","11:07:25761","5"
902,"Феникс","Изобильный","0","2","3","2","-2","11:07:14301","5"
903,"Бардак","Острогожск","0","0","5","3","-3","11:07:37389","5"
904,"Победа","Башмаково","2","-2","6","2","-3","11:07:26421","5"
905,"Победители по жизни","Ровеньки","3","-5","2","1","3","11:06:57614","4"
906,"Импровизация","х.Западный","0","0","1","0","3","11:07:16387","4"
907,"Символы России","Ирклиевская","1","1","1","0","1","11:06:37327","4"
908,"Дворецкие","Петропавловск-Камчатский","0","0","2","2","0","0","4"
909,"Мы - Россияне","г.Ангарск","1","0","1","2","0","0","4"
910,"Апельсиновый фреш","пгт Большая Ижора","3","-3","3","1","0","11:08:06014","4"
911,"Русский мир","ЛНР, пгт Ящиково","0","0","4","0","0","0","4"
912,"Подводная лодка","Саратов","2","0","2","0","0","0","4"
913,"Нарушители Правил","Ильинка","1","2","1","0","0","0","4"
914,"Книголюбы","Отрадный","0","4","0","0","0","0","4"
915,"Максимум","с. Петропавловка, Острогожский район, Воронежская область","1","3","0","0","0","0","4"
916,"Малокаменцы","Каменский район хутор Малая Каменка","2","2","0","0","0","0","4"
917,"Без паники","Прокопьевск","4","0","0","0","0","0","4"
917,"Лидеры","Елецкий район","4","0","0","0","0","0","4"
917,"МБОУ СОШ № 71 г. Челябинска","Челябинск","4","0","0","0","0","0","4"
917,"Михеевка","Михеевка","4","0","0","0","0","0","4"
917,"МолодёжьРомоданово","Республика Мордовия Ромодановский район","4","0","0","0","0","0","4"
917,"Подводники","село Вязноватовка","4","0","0","0","0","0","4"
917,"Селенга","пгт. Селенгинск","4","0","0","0","0","0","4"
917,"семицветик","Елец","4","0","0","0","0","0","4"
918,"Итачи","Первоуральск","2","2","0","1","-1","11:07:42180","4"
919,"Таганай","Златоуст","2","-5","1","2","3","11:06:57344","3"
920,"Импульс Добра","Первомайск","0","0","1","0","2","11:07:36455","3"
921,"Девчонки","Оренбургская область","0","-2","1","3","1","11:07:22332","3"
922,"Профи62","Чебоксары","0","0","0","2","1","11:07:06327","3"
923,"три мушкетера","с Морозовка Меловский рн ЛНР","0","0","3","0","0","0","3"
924,"«Пламя»","Курск","3","-3","3","0","0","0","3"
925,"Достойные","С.Мокрое","0","2","1","0","0","0","3"
926,"Орлы","Шарыповский район, село Ораки","1","1","1","0","0","11:08:14113","3"
927,"Белки","Пенза","0","3","0","0","0","0","3"
928,"Затейники","село Алан-Полян","2","1","0","0","0","11:07:07049","3"
929,"<Богатырь","Краснодон","3","0","0","0","0","0","3"
929,"Магнат","Моршанск","3","0","0","0","0","0","3"
929,"МБОУ ""Сергачская СОШ #4""","Сергач","3","0","0","0","0","0","3"
929,"МБОУ Можарская СШ","Село Меньшие Можары Сараевского района","3","0","0","0","0","0","3"
929,"Народные стикеры","Саратов","3","0","0","0","0","0","3"
930,"Рассвет","Бабушкин","0","0","0","0","2","11:06:57892","2"
931,"GG","Сертолово","2","-3","3","0","0","0","2"
932,"беляши","казань","0","1","1","0","0","0","2"
932,"За Россию-21ЭТ11","Пенза","0","1","1","0","0","0","2"
933,"Атака титанов","Антрацит","2","0","0","0","0","0","2"
933,"Константа","Константиновка","2","0","0","0","0","0","2"
933,"Могучие орлы","Ульяновск","2","0","0","0","0","0","2"
933,"НСШ им М.П.Прокопьева","Кукмор","2","0","0","0","0","0","2"
933,"Сильные вместе","Ровеньки","2","0","0","0","0","0","2"
933,"Чистое","Курганская область село Чистое","2","0","0","0","0","0","2"
933,"Super girl","Кочкурово","2","0","0","0","0","0","2"
934,"МБУК""Болховской ЦКД""","Село Болховское, Задонский район, Липецкая область","2","-1","2","1","-2","11:07:16122","2"
935,"Одиннадцатиклассники","Воронеж","3","-2","2","2","-3","11:07:18927","2"
936,"Юные эрудиты","Кунгур","3","-1","1","2","-3","11:06:26868","2"
937,"Огненные тапки","Теньгушево","4","-1","2","0","-3","11:06:20462","2"
938,"Соратники","д.Водолазова","0","3","2","1","-4","11:07:16882","2"
939,"Прометей","р.п. Красные Баки","1","-3","0","0","3","11:07:22966","1"
940,"мы можем","д.Бердибяково","0","0","0","0","1","11:07:51695","1"
941,"Гром","Старая казинка","0","0","1","0","0","0","1"
941,"Оберег","МБОУ СШ п.Леск","0","0","1","0","0","0","1"
942,"Волонтеры","Воронеж","1","-1","1","0","0","0","1"
943,"Два Юльца","Воронеж","0","1","0","0","0","0","1"
944,"«Каскад»","Енисейский район, пос. Новокаргино","1","0","0","0","0","0","1"
944,"гуманитарий","антрацит","1","0","0","0","0","0","1"
944,"Доброхоты","Лиецкая область Задонский район село Рогожино","1","0","0","0","0","0","1"
944,"Крымский район","Крымск","1","0","0","0","0","0","1"
944,"На высоте","Апшеронск","1","0","0","0","0","0","1"
944,"Респект","Арзамас","1","0","0","0","0","0","1"
944,"Росиночки","Пенза","1","0","0","0","0","0","1"
944,"Скорняково","Скорняково Задонский район","1","0","0","0","0","0","1"
945,"Атяшево","Атяшево","3","0","2","3","-7","11:06:30895","1"
946,"Совушки","Усмань","1","-3","1","0","1","11:07:04087","0"
947,"Жуки","Гуково","0","0","0","0","0","0","0"
947,"Лисы","Шаранга","0","0","0","0","0","0","0"
947,"Мы вместе","Урахча","0","0","0","0","0","0","0"
948,"Туровские Витязи","Воронежская область Нижнедевицкий район село Верхнее Турово","3","-3","0","0","0","0","0"
949,"Олимп","с.Трёхсельское","2","-2","2","0","-2","11:04:14124","0"
950,"Беркут 2","Карасук","5","-1","2","0","-6","11:07:04748","0"
951,"Крепкие парни","Тольятти","1","-3","1","0","0","11:07:29686","-1"
952,"Мудрецы","Саратов","0","-1","0","0","0","0","-1"
953,"Молнеиеносцы","Рыная Слобода","0","2","2","0","-5","11:07:05946","-1"
954,"Рамонскийлицей","Воронеж","0","-2","0","0","0","0","-2"
955,"Романтики","Симферополь","0","-5","0","0","0","0","-5"
956,"ЦТС ННГУ им. Лобачевского","Нижний Новгород","0","0","0","0","-6","11:07:48795","-6"
957,"Рубин2","Чебоксары","4","-3","1","0","-9","11:07:13942","-7"
958,"акулы","курган","1","1","3","0","-12","11:02:47129","-7"
959,"Девчата вперёд","Рыбно-Слободский район,дер.Тябердино Челны","0","-4","0","0","-7","11:07:35753","-11"
